FILE_TYPE = CONNECTIVITY;
{Design Entry HDL 15.70-p004 5-Jun-2006}
"PAGE_NUMBER" = 3;
0"NC";
1"GNDD\g";
2"GNDD\g";
3"GNDD\g";
4"GNDD\g";
5"P5V\g";
6"GNDD\g";
7"P3_3V\g";
8"P3_3V";
9"+12V";
10"UN$3$C$I6$1";
11"+12V";
12"+12V";
13"UN$3$C$I26$2";
14"UN$3$C$I26$1";
15"UN$3$C$I33$1";
16"UN$3$C$I31$1";
17"UN$3$LEDS$I56$A";
18"UN$3$C$I8$2";
19"UN$3$R$I13$B";
20"UN$3$C$I48$2";
21"VCC_1V8";
22"UN$3$R$I46$B";
23"GNDD";
24"UN$3$C$I45$1";
25"UN$3$C$I48$1";
26"UN$3$R$I40$A";
27"UN$3$C$I44$1";
28"UN$3$C$I9$1";
29"UN$3$C$I8$1";
30"UN$3$C$I10$1";
31"UN$3$C$I10$2";
32"UN$3$C$I29$1";
33"UN$3$C$I31$2";
34"UN$3$R$I25$A";
%"XRP7664"
"1","(-3250,4550)","0","power","I1";
;
CDS_LMAN_SYM_OUTLINE"-250,175,225,-175"
CDS_LIB"power";
"FB"19;
"SW"31;
"EP"4;
"GND"4;
"SS"28;
"EN"10;
"COMP"29;
"BS"30;
"IN"9;
%"C"
"1","(-3025,4900)","1","capcitor","I10";
;
$LOCATION"?"
VALUE"10NF"
CDS_LIB"capcitor"
CDS_LMAN_SYM_OUTLINE"-50,0,50,-50"
CODE"98070537";
"1"30;
"2"31;
%"L"
"1","(-2500,4625)","0","inductor","I11";
;
$LOCATION"?"
VALUE"4.7UH"
CDS_LIB"inductor"
CDS_LMAN_SYM_OUTLINE"-125,50,125,0"
CODE"90010082";
"A"31;
"B"7;
%"P3_3V"
"1","(-1625,4825)","0","sch_lib","I12";
;
CDS_LIB"sch_lib"
SIZE"1B"
BODY_TYPE"PLUMBING"
HDL_POWER"P3_3V";
"G<SIZE-1..0>\NAC"7;
%"R"
"1","(-2900,3975)","1","resistor","I13";
;
VALUE"4.7K"
$LOCATION"?"
CDS_LIB"resistor"
CDS_LMAN_SYM_OUTLINE"-100,25,100,-25"
CODE"07090246";
"A"4;
"B"19;
%"R"
"1","(-2525,4475)","0","resistor","I14";
;
$LOCATION"?"
VALUE"12K-1%"
CDS_LIB"resistor"
CDS_LMAN_SYM_OUTLINE"-100,25,100,-25"
CODE"97090163";
"A"19;
"B"7;
%"CP"
"1","(-2125,4250)","0","capcitor","I15";
;
$LOCATION"?"
VALUE"10U-16V"
CDS_LIB"capcitor"
CDS_LMAN_SYM_OUTLINE"-50,0,50,-50"
CODE"08020059";
"2"4;
"1"7;
%"C"
"1","(-1975,4250)","0","capcitor","I16";
;
$LOCATION"?"
VALUE"0.1U"
CDS_LIB"capcitor"
CDS_LMAN_SYM_OUTLINE"-50,0,50,-50"
CODE"08070262";
"1"7;
"2"4;
%"C"
"1","(-1800,4250)","0","capcitor","I17";
;
$LOCATION"?"
VALUE"0.1U"
CDS_LIB"capcitor"
CDS_LMAN_SYM_OUTLINE"-50,0,50,-50"
CODE"08070262";
"1"7;
"2"4;
%"CP"
"1","(-1625,4250)","0","capcitor","I18";
;
$LOCATION"?"
VALUE"100U-10V"
CDS_LIB"capcitor"
CDS_LMAN_SYM_OUTLINE"-50,0,50,-50"
CODE"08020091";
"2"4;
"1"7;
%"CP"
"1","(1800,4275)","0","capcitor","I19";
;
VALUE"10U-16V"
$LOCATION"?"
CODE"08020059"
CDS_LMAN_SYM_OUTLINE"-50,0,50,-50"
CDS_LIB"capcitor";
"2"6;
"1"5;
%"CP"
"1","(-4700,4200)","0","capcitor","I2";
;
VALUE"10U-16V"
$LOCATION"?"
CDS_LMAN_SYM_OUTLINE"-50,0,50,-50"
CDS_LIB"capcitor"
CODE"08020059";
"2"4;
"1"9;
%"C"
"1","(1950,4275)","0","capcitor","I20";
;
VALUE"0.1U"
$LOCATION"?"
CODE"08070262"
CDS_LMAN_SYM_OUTLINE"-50,0,50,-50"
CDS_LIB"capcitor";
"1"5;
"2"6;
%"CP"
"1","(2300,4275)","0","capcitor","I22";
;
VALUE"100U-10V"
$LOCATION"?"
CODE"08020091"
CDS_LMAN_SYM_OUTLINE"-50,0,50,-50"
CDS_LIB"capcitor";
"2"6;
"1"5;
%"C"
"1","(2125,4275)","0","capcitor","I23";
;
VALUE"0.1U"
$LOCATION"?"
CODE"08070262"
CDS_LMAN_SYM_OUTLINE"-50,0,50,-50"
CDS_LIB"capcitor";
"1"5;
"2"6;
%"L"
"1","(1425,4650)","0","inductor","I24";
;
VALUE"4.7UH"
$LOCATION"?"
CODE"90010082"
CDS_LMAN_SYM_OUTLINE"-125,50,125,0"
CDS_LIB"inductor";
"A"13;
"B"5;
%"R"
"1","(1400,4500)","0","resistor","I25";
;
$LOCATION"?"
VALUE"12K-1%"
CODE"97090163"
CDS_LMAN_SYM_OUTLINE"-100,25,100,-25"
CDS_LIB"resistor";
"A"34;
"B"5;
%"C"
"1","(900,4925)","1","capcitor","I26";
;
VALUE"10NF"
$LOCATION"?"
CODE"98070537"
CDS_LMAN_SYM_OUTLINE"-50,0,50,-50"
CDS_LIB"capcitor";
"1"14;
"2"13;
%"XRP7664"
"1","(675,4575)","0","power","I27";
;
CDS_LMAN_SYM_OUTLINE"-250,175,225,-175"
CDS_LIB"power";
"FB"34;
"SW"13;
"EP"6;
"GND"6;
"SS"32;
"EN"15;
"COMP"16;
"BS"14;
"IN"12;
%"C"
"1","(300,4225)","0","capcitor","I29";
;
$LOCATION"?"
VALUE"0.1U"
CODE"08070262"
CDS_LMAN_SYM_OUTLINE"-50,0,50,-50"
CDS_LIB"capcitor";
"1"32;
"2"6;
%"C"
"1","(-4500,4200)","0","capcitor","I3";
;
$LOCATION"?"
VALUE"0.1U"
CDS_LMAN_SYM_OUTLINE"-50,0,50,-50"
CDS_LIB"capcitor"
CODE"08070262";
"1"9;
"2"4;
%"R"
"1","(150,4125)","1","resistor","I30";
;
$LOCATION"?"
VALUE"2.2K"
CODE"07090181"
CDS_LMAN_SYM_OUTLINE"-100,25,100,-25"
CDS_LIB"resistor";
"A"6;
"B"33;
%"C"
"1","(-50,4225)","0","capcitor","I31";
;
VALUE"3.3NF"
$LOCATION"?"
CODE"98070515"
CDS_LMAN_SYM_OUTLINE"-50,0,50,-50"
CDS_LIB"capcitor";
"1"16;
"2"33;
%"R"
"1","(-225,4925)","1","resistor","I32";
;
$LOCATION"?"
VALUE"100K"
CODE"97090114"
CDS_LMAN_SYM_OUTLINE"-100,25,100,-25"
CDS_LIB"resistor";
"A"15;
"B"12;
%"C"
"1","(-225,4225)","0","capcitor","I33";
;
$LOCATION"?"
VALUE"0.1U"
CODE"08070262"
CDS_LMAN_SYM_OUTLINE"-50,0,50,-50"
CDS_LIB"capcitor";
"1"15;
"2"6;
%"C"
"1","(-575,4225)","0","capcitor","I34";
;
VALUE"0.1U"
$LOCATION"?"
CODE"08070262"
CDS_LMAN_SYM_OUTLINE"-50,0,50,-50"
CDS_LIB"capcitor";
"1"12;
"2"6;
%"CP"
"1","(-775,4225)","0","capcitor","I35";
;
$LOCATION"?"
VALUE"10U-16V"
CODE"08020059"
CDS_LMAN_SYM_OUTLINE"-50,0,50,-50"
CDS_LIB"capcitor";
"2"6;
"1"12;
%"GNDD"
"1","(-775,3425)","0","sch_lib","I36";
;
HDL_POWER"GNDD"
BODY_TYPE"PLUMBING"
SIZE"1B"
CDS_LIB"sch_lib";
"G<SIZE-1..0>\NAC"6;
%"R"
"1","(1025,4000)","1","resistor","I37";
;
$LOCATION"?"
VALUE"2.7K"
CDS_LMAN_SYM_OUTLINE"-100,25,100,-25"
CDS_LIB"resistor"
CODE"07090281";
"A"6;
"B"34;
%"P5V"
"1","(2300,4850)","0","sch_lib","I38";
;
HDL_POWER"P5V"
BODY_TYPE"PLUMBING"
SIZE"1B"
CDS_LIB"sch_lib";
"G<SIZE-1..0>\NAC"5;
%"TPS54228"
"1","(-3300,2300)","0","power","I39";
;
CDS_LMAN_SYM_OUTLINE"-200,300,200,-250"
CDS_LIB"power";
"PGND"3;
"VIN"11;
"VBST"25;
"SW"20;
"GND"3;
"SS"27;
"VREG5"24;
"VFB"22;
"EN"26;
%"GNDD"
"1","(-4700,3400)","0","sch_lib","I4";
;
CDS_LIB"sch_lib"
SIZE"1B"
BODY_TYPE"PLUMBING"
HDL_POWER"GNDD";
"G<SIZE-1..0>\NAC"4;
%"R"
"1","(-3425,2725)","0","resistor","I40";
;
CODE"97090114"
VALUE"100K"
CDS_LIB"resistor"
$LOCATION"?"
CDS_LMAN_SYM_OUTLINE"-100,25,100,-25";
"A"26;
"B"11;
%"CP"
"1","(-2300,2525)","1","capcitor","I41";
;
VALUE"10U-16V"
$LOCATION"?"
CODE"08020059"
CDS_LIB"capcitor"
CDS_LMAN_SYM_OUTLINE"-50,0,50,-50";
"2"23;
"1"11;
%"C"
"1","(-2300,2675)","1","capcitor","I42";
;
$LOCATION"?"
VALUE"0.1U"
CDS_LIB"capcitor"
CDS_LMAN_SYM_OUTLINE"-50,0,50,-50"
CODE"08070262";
"1"11;
"2"23;
%"GNDD"
"1","(-3275,1500)","0","sch_lib","I43";
;
HDL_POWER"GNDD"
BODY_TYPE"PLUMBING"
SIZE"1B"
CDS_LIB"sch_lib";
"G<SIZE-1..0>\NAC"3;
%"C"
"1","(-3675,1900)","0","capcitor","I44";
;
CDS_LIB"capcitor"
CDS_LMAN_SYM_OUTLINE"-50,0,50,-50"
$LOCATION"?"
VALUE"3.3NF"
CODE"98070515";
"1"27;
"2"3;
%"C"
"1","(-3850,1900)","0","capcitor","I45";
;
CDS_LMAN_SYM_OUTLINE"-50,0,50,-50"
$LOCATION"?"
CDS_LIB"capcitor"
VALUE"1U"
CODE"98070403";
"1"24;
"2"3;
%"R"
"1","(-4075,1875)","1","resistor","I46";
;
CDS_LMAN_SYM_OUTLINE"-100,25,100,-25"
CDS_LIB"resistor"
CODE"07090302"
$LOCATION"?"
VALUE"1.5K";
"A"3;
"B"22;
%"R"
"1","(-4350,2400)","0","resistor","I47";
;
CODE"07090643"
VALUE"2K"
CDS_LIB"resistor"
$LOCATION"?"
CDS_LMAN_SYM_OUTLINE"-100,25,100,-25";
"A"21;
"B"22;
%"C"
"1","(-2900,2400)","1","capcitor","I48";
;
CDS_LIB"capcitor"
CDS_LMAN_SYM_OUTLINE"-50,0,50,-50"
$LOCATION"?"
VALUE"0.1U"
CODE"08070262";
"1"25;
"2"20;
%"L"
"1","(-2400,2250)","0","inductor","I49";
;
CODE"90010082"
VALUE"4.7UH"
$LOCATION"?"
CDS_LMAN_SYM_OUTLINE"-125,50,125,0"
CDS_LIB"inductor";
"A"20;
"B"21;
%"R"
"1","(-4150,4900)","1","resistor","I5";
;
$LOCATION"?"
VALUE"100K"
CDS_LMAN_SYM_OUTLINE"-100,25,100,-25"
CDS_LIB"resistor"
CODE"97090114";
"A"10;
"B"9;
%"CP"
"1","(-1975,1950)","0","capcitor","I50";
;
CDS_LIB"capcitor"
CDS_LMAN_SYM_OUTLINE"-50,0,50,-50"
$LOCATION"?"
VALUE"100U-10V"
CODE"08020091";
"2"2;
"1"21;
%"C"
"1","(-1825,1950)","0","capcitor","I51";
;
CDS_LIB"capcitor"
CDS_LMAN_SYM_OUTLINE"-50,0,50,-50"
$LOCATION"?"
VALUE"0.1U"
CODE"08070262";
"1"21;
"2"2;
%"C"
"1","(-1675,1950)","0","capcitor","I52";
;
CODE"08070262"
VALUE"0.1U"
$LOCATION"?"
CDS_LMAN_SYM_OUTLINE"-50,0,50,-50"
CDS_LIB"capcitor";
"1"21;
"2"2;
%"CP"
"1","(-2125,1950)","0","capcitor","I53";
;
CODE"08020059"
VALUE"10U-16V"
$LOCATION"?"
CDS_LMAN_SYM_OUTLINE"-50,0,50,-50"
CDS_LIB"capcitor";
"2"2;
"1"21;
%"GNDD"
"1","(-1900,1325)","0","sch_lib","I54";
;
SIZE"1B"
BODY_TYPE"PLUMBING"
HDL_POWER"GNDD"
CDS_LIB"sch_lib";
"G<SIZE-1..0>\NAC"2;
%"R"
"1","(1375,2450)","0","resistor","I55";
;
CDS_LMAN_SYM_OUTLINE"-100,25,100,-25"
$LOCATION"?"
CDS_LIB"resistor"
VALUE"330"
CODE"07090387";
"A"17;
"B"8;
%"LED_S"
"1","(650,2450)","0","transistor","I56";
;
CODE"15020064"
VALUE"HSMS-C170-B"
CDS_LIB"transistor"
$LOCATION"?"
CDS_LMAN_SYM_OUTLINE"-150,50,50,-75";
"A"17;
"B"1;
%"GNDD"
"1","(200,2150)","0","sch_lib","I57";
;
CDS_LIB"sch_lib"
HDL_POWER"GNDD"
BODY_TYPE"PLUMBING"
SIZE"1B";
"G<SIZE-1..0>\NAC"1;
%"C"
"1","(-4150,4200)","0","capcitor","I6";
;
$LOCATION"?"
VALUE"0.1U"
CDS_LMAN_SYM_OUTLINE"-50,0,50,-50"
CDS_LIB"capcitor"
CODE"08070262";
"1"10;
"2"4;
%"R"
"1","(-3775,4100)","1","resistor","I7";
;
$LOCATION"?"
VALUE"2.2K"
CDS_LIB"resistor"
CDS_LMAN_SYM_OUTLINE"-100,25,100,-25"
CODE"07090181";
"A"4;
"B"18;
%"C"
"1","(-3975,4200)","0","capcitor","I8";
;
$LOCATION"?"
VALUE"3.3NF"
CDS_LIB"capcitor"
CDS_LMAN_SYM_OUTLINE"-50,0,50,-50"
CODE"98070515";
"1"29;
"2"18;
%"C"
"1","(-3625,4200)","0","capcitor","I9";
;
$LOCATION"?"
VALUE"0.1U"
CDS_LMAN_SYM_OUTLINE"-50,0,50,-50"
CDS_LIB"capcitor"
CODE"08070262";
"1"28;
"2"4;
END.
